page_url,page_title,question,answer,confidence
https://joinvoy.zendesk.com/hc/en-gb/categories/20198618489620-Payments-Refunds,Payments & Refunds ‚Äì Voy,Payments & Refunds ‚Äì Voy,"
## [Refunds & Exchanges](https://joinvoy.zendesk.com/hc/en-gb/sections/20198637602196-Refunds-Exchanges)

- [My treatment arrived faulty or damaged](https://joinvoy.zendesk.com/hc/en-gb/articles/20199921645204-My-treatment-arrived-faulty-or-damaged)
- [What is your Returns policy?](https://joinvoy.zendesk.com/hc/en-gb/articles/20199844131348-What-is-your-Returns-policy)

## [Payments](https://joinvoy.zendesk.com/hc/en-gb/sections/20198633318804-Payments)

- [How do payments work?](https://joinvoy.zendesk.com/hc/en-gb/articles/31256352027156-How-do-payments-work)",N/A
https://joinvoy.zendesk.com/hc/en-gb/articles/20168038957844-Why-doesn-t-VOY-mention-prescription-medications-by-name,Why doesn‚Äôt VOY mention prescription medications by name? ‚Äì Voy,Why doesn‚Äôt VOY mention prescription medications by name? ‚Äì Voy,"
At Voy, we're committed to providing you with the most appropriate and effective treatment for your weight loss journey. Here's why we don't mention specific prescription medications upfront:

## The right treatment plan for you

We believe choosing the right treatment should always be made with your clinician once they know more about your circumstances. This allows us to:

- Ensures you receive the most suitable medication for your needs
- Run a thorough assessment of your health history
- Provides an opportunity to discuss potential benefits and risks

## UK Advertising Regulations

- Advertising restrictions in the UK prevent us from presenting all of our treatment options until you've had a clinical consultation.
- This ensures that you receive personalised advice based on your individual health profile.

## How to Get Started

To begin your journey with Voy:

1. Visit our [website](http://www.joinvoy.com/)
2. Click on ""Am I Eligible""
3. Complete our medical questionnaire

This first step helps our Clinical Team understand your needs and check if our treatment is the right fit for you.

Related to

- [General Query](https://joinvoy.zendesk.com/hc/en-gb/search?content_tags=01GVFXVMYVQJHA7JPF273TBAFJ&utf8=%E2%9C%93 ""Search results"")

",N/A
https://joinvoy.zendesk.com/hc/en-gb/categories/20198130065044-Treatments-Medication,Treatments & Medication ‚Äì Voy,Treatments & Medication ‚Äì Voy,"
## [General Queries](https://joinvoy.zendesk.com/hc/en-gb/sections/20198140442388-General-Queries)

- [Can I use a prescription from my own GP on your website?](https://joinvoy.zendesk.com/hc/en-gb/articles/20170440761748-Can-I-use-a-prescription-from-my-own-GP-on-your-website)
- [Why doesn‚Äôt VOY mention prescription medications by name?](https://joinvoy.zendesk.com/hc/en-gb/articles/20168038957844-Why-doesn-t-VOY-mention-prescription-medications-by-name)
- [Is this a safe and effective way to manage weight loss?](https://joinvoy.zendesk.com/hc/en-gb/articles/20167996852628-Is-this-a-safe-and-effective-way-to-manage-weight-loss)
- [How does the Voy weight loss programme work?](https://joinvoy.zendesk.com/hc/en-gb/articles/20065316311188-How-does-the-Voy-weight-loss-programme-work)

## [Medical Queries](https://joinvoy.zendesk.com/hc/en-gb/sections/20198164763028-Medical-Queries)

- [General Guidance for Missing Doses](https://joinvoy.zendesk.com/hc/en-gb/articles/35168676837780-General-Guidance-for-Missing-Doses)
- [What is the treatment titration pathway?](https://joinvoy.zendesk.com/hc/en-gb/articles/33213821626772-What-is-the-treatment-titration-pathway)
- [Information about Wegovy](https://joinvoy.zendesk.com/hc/en-gb/articles/32299448990356-Information-about-Wegovy)
- [Information about Mounjaro](https://joinvoy.zendesk.com/hc/en-gb/articles/32242827773716-Information-about-Mounjaro)
- [Can I restart my susbcription at a higher dosage?](https://joinvoy.zendesk.com/hc/en-gb/articles/23616757771796-Can-I-restart-my-susbcription-at-a-higher-dosage)
- [Are there any medical conditions that might disqualify someone from participating?](https://joinvoy.zendesk.com/hc/en-gb/articles/20196076616852-Are-there-any-medical-conditions-that-might-disqualify-someone-from-participating)",N/A
https://joinvoy.zendesk.com/hc/en-gb/articles/32299448990356-Information-about-Wegovy,Information about Wegovy ‚Äì Voy,Information about Wegovy ‚Äì Voy,"
We understand this is an initial step in your weight loss journey towards healthy living, and we‚Äôre here for every bump in the road. Just let us know if you have any worries, feedback or questions.

As a first step, it‚Äôs important for you to take the time to read the manufacturer‚Äôs patient information leaflet enclosed in your box. This gives you everything you need to know about how to take the medication, what to avoid, side effects and potential interactions with other medications.

## What is Wegovy

Wegovy contains a hormone called GLP-1 that occurs naturally in the gut. Its purpose is to regulate appetite and provide a feeling of fullness for an extended period, helping to reduce cravings and keep you satisfied after meals. By targeting the receptors responsible for appetite in the brain, this medication helps to lower the body's natural ‚Äòset point‚Äô, which is the weight it strives to maintain. Since Wegovy reduces your appetite, it gives you the opportunity to make healthier choices and reduce your calorie intake to optimise your weight loss.

## How does Wegovy work?

In a nutshell

1\. Reduces appetite‚Äîso you are less hungry

2\. Reduces cravings‚Äîso it‚Äôs easier to make healthy choices

3\. Reduces your set point‚Äîso you can lose more weight before starting to plateau

## Wegovy Titrations

Wegovy is available in 5 different dose strengths ‚Äì 0.25mg, 0.5mg, 1mg, 1.7mg & 2.4mg. You start Wegovy at a dose of 0.25 mg once a week and increase the dose every 4 weeks until you reach 1mg. It is essential that your starting dose is 0.25mg - if you have received any other strength, please get in touch with our customer support team before starting your treatment.

If you'd like to, you can also increase to 1.7mg and 2.4mg for enhanced appetite suppression but this is optional. The dose is gradually increased to allow your body to get used to the medication and minimise any side effects you might experience.

## How to take Wegovy?

You need to inject Wegovy once a week (on the same day each week), under the skin. It should be injected in the abdomen (keep 5cm away from your belly button), upper legs or upper arms. We advise you to mix up your injection sites each week to minimise discomfort.

Watch our video about how to take Wegovy before you start your treatment: [How to take Wegovy](https://www.joinvoy.com/videos/how-to-take-wegovy)

## How to store Wegovy

You can keep the pen for 6 weeks when stored at a temperature below 30¬∞C or in a refrigerator (2¬∞C to 8¬∞C). Do not freeze your medication and keep it away from the freezer compartment.

When you are not using the pen, keep the pen cap on in order to protect it from light.

Please do not use your medicine if the solution is not clear and colourless or almost colourless.

You should start using your treatment within 7 days of receiving it and finish using it within 6 weeks from the date on the Voy pharmacy label applied to your medication.

Once you‚Äôve used your needles and finished your pen, you can dispose of it in the sharps bin provided. Do not throw away any medicines via wastewater or household waste. If you‚Äôre unable to use your sharps bin, ask your pharmacist how to throw away medicines you no longer use. These measures will help protect the environment.

These instructions are supplementary to the information provided in the patient information leaflet in your medication box which you‚Äôll receive within your order.

",N/A
https://joinvoy.zendesk.com/hc/en-gb,Voy,Voy,"
# Voy

## Search

## Categories

- [Account & Subscription Management](https://joinvoy.zendesk.com/hc/en-gb/categories/20198061832468-Account-Subscription-Management)
- [Payments & Refunds](https://joinvoy.zendesk.com/hc/en-gb/categories/20198618489620-Payments-Refunds)
- [Treatments & Medication](https://joinvoy.zendesk.com/hc/en-gb/categories/20198130065044-Treatments-Medication)
- [Orders & Delivery](https://joinvoy.zendesk.com/hc/en-gb/categories/20198003106068-Orders-Delivery)
- [Privacy & Security](https://joinvoy.zendesk.com/hc/en-gb/categories/20199553710100-Privacy-Security)
- [Contact Us](https://joinvoy.zendesk.com/hc/en-gb/categories/20198442555284-Contact-Us)

## Recent activity

### [Orders & Delivery](https://joinvoy.zendesk.com/hc/en-gb/sections/20198500756244-Orders-Delivery)

[Will my Weight Loss order be affected by the Bank Holiday?](https://joinvoy.zendesk.com/hc/en-gb/articles/36307449988884-Will-my-Weight-Loss-order-be-affected-by-the-Bank-Holiday)

Article created 4 days ago

Number of comments: 0


### [Account Management](https://joinvoy.zendesk.com/hc/en-gb/sections/20198170377876-Account-Management)

[Can I change my coach?](https://joinvoy.zendesk.com/hc/en-gb/articles/35735690703764-Can-I-change-my-coach)

Article created 22 days ago

Number of comments: 0


### [Medical Queries](https://joinvoy.zendesk.com/hc/en-gb/sections/20198164763028-Medical-Queries)

[General Guidance for Missing Doses](https://joinvoy.zendesk.com/hc/en-gb/articles/35168676837780-General-Guidance-for-Missing-Doses)

Article created 1 month ago

Number of comments: 0


### [Medical Queries](https://joinvoy.zendesk.com/hc/en-gb/sections/20198164763028-Medical-Queries)

[What is the treatment titration pathway?](https://joinvoy.zendesk.com/hc/en-gb/articles/33213821626772-What-is-the-treatment-titration-pathway)

Article created 3 months ago

Number of comments: 0


### [Medical Queries](https://joinvoy.zendesk.com/hc/en-gb/sections/20198164763028-Medical-Queries)

[Information about Wegovy](https://joinvoy.zendesk.com/hc/en-gb/articles/32299448990356-Information-about-Wegovy)

Article created 4 months ago

Number of comments: 0


...

[See more \\
\\
items from recent activity](https://joinvoy.zendesk.com/hc/en-gb#)",N/A
https://joinvoy.zendesk.com/hc/en-gb/sections/20198655711124-Subscription-Management,Subscription Management ‚Äì Voy,Subscription Management ‚Äì Voy,"
- [How does refer-a-friend work?](https://joinvoy.zendesk.com/hc/en-gb/articles/26154029658388-How-does-refer-a-friend-work)
- [How does the approval process work?](https://joinvoy.zendesk.com/hc/en-gb/articles/24609569961876-How-does-the-approval-process-work)
- [How do I cancel my subscription?](https://joinvoy.zendesk.com/hc/en-gb/articles/20168823234452-How-do-I-cancel-my-subscription)",N/A
https://joinvoy.zendesk.com/hc/en-gb/articles/33213821626772-What-is-the-treatment-titration-pathway,What is the treatment titration pathway? ‚Äì Voy,What is the treatment titration pathway? ‚Äì Voy,"
We understand that the typical titration path might not be for everyone. So you're more than welcome to remain on the same dose or reduce your dose throughout your treatment.

If your treatment plan is for Mounjaro or Wegovy, typically, your dose will increase every 28 days with your order renewal. Here's a breakdown of the titration path according to your treatment plan for Mounjaro and Wegovy:

### Wegovy

- 0.25mg - automatically titrate up to the next dose
- 0.5mg - automatically titrate up to the next dose
- 1mg - you'll automatically stay on this dose unless you tell us you'd like to go up
- 1.7mg - optional titration
- 2.4mg - optional titration

### Mounjaro

- 2.5mg - automatically titrate up to the next dose
- 5mg - automatically titrate up to the next dose
- 7.5mg - automatically titrate up to the next dose
- 10mg - you'll automatically stay on this dose unless you tell us you'd like to go up
- 12.5mg - optional titration
- 15mg¬†- automatically titrate up to the next dose

### How do I change my dose?

You can [adjust your dosage](https://joinvoy.zendesk.com/hc/en-gb/articles/34721699585300-How-do-I-change-my-dose) directly from your account.

Based on your current dose, you'll have the option to increase, maintain, or lower the strength.

If you still need help, please speak to our Customer Support Team either via livechat from your account, or by emailing [help@joinvoy.com](mailto:help@joinvoy.com) and our team will be there to support you.

So that we can update your plan before your next order, **please let us know at least 3 days before your next order** if you'd like to make any changes. You can check your next order date and current strength in your account under [Manage Plans and Orders](https://www.joinvoy.com/account/myplans).

We're working hard to give you more flexibility and autonomy in your treatment plan, if you have any feedback or suggestions, we'd love to hear them, just speak to our team.

",N/A
https://joinvoy.zendesk.com/hc/en-gb/categories/20198061832468-Account-Subscription-Management,Account & Subscription Management ‚Äì Voy,Account & Subscription Management ‚Äì Voy,"
## [Subscription Management](https://joinvoy.zendesk.com/hc/en-gb/sections/20198655711124-Subscription-Management)

- [How does refer-a-friend work?](https://joinvoy.zendesk.com/hc/en-gb/articles/26154029658388-How-does-refer-a-friend-work)
- [How does the approval process work?](https://joinvoy.zendesk.com/hc/en-gb/articles/24609569961876-How-does-the-approval-process-work)
- [How do I cancel my subscription?](https://joinvoy.zendesk.com/hc/en-gb/articles/20168823234452-How-do-I-cancel-my-subscription)

## [Account Management](https://joinvoy.zendesk.com/hc/en-gb/sections/20198170377876-Account-Management)

- [Can I change my coach?](https://joinvoy.zendesk.com/hc/en-gb/articles/35735690703764-Can-I-change-my-coach)
- [How do I upload photos?](https://joinvoy.zendesk.com/hc/en-gb/articles/31894643942420-How-do-I-upload-photos)
- [Which forms of ID does Voy accept?](https://joinvoy.zendesk.com/hc/en-gb/articles/31871891934868-Which-forms-of-ID-does-Voy-accept)
- [How do I unsubscribe from marketing communications?](https://joinvoy.zendesk.com/hc/en-gb/articles/20198976737428-How-do-I-unsubscribe-from-marketing-communications)
- [How do I sign up to Voy?](https://joinvoy.zendesk.com/hc/en-gb/articles/20198861856916-How-do-I-sign-up-to-Voy)
- [How do I update my account or subscription?](https://joinvoy.zendesk.com/hc/en-gb/articles/20198884011412-How-do-I-update-my-account-or-subscription)

[See all 7 articles](https://joinvoy.zendesk.com/hc/en-gb/sections/20198170377876-Account-Management)",N/A
https://joinvoy.zendesk.com/hc/en-gb/sections/20198164763028-Medical-Queries,Medical Queries ‚Äì Voy,Medical Queries ‚Äì Voy,"
- [General Guidance for Missing Doses](https://joinvoy.zendesk.com/hc/en-gb/articles/35168676837780-General-Guidance-for-Missing-Doses)
- [What is the treatment titration pathway?](https://joinvoy.zendesk.com/hc/en-gb/articles/33213821626772-What-is-the-treatment-titration-pathway)
- [Information about Wegovy](https://joinvoy.zendesk.com/hc/en-gb/articles/32299448990356-Information-about-Wegovy)
- [Information about Mounjaro](https://joinvoy.zendesk.com/hc/en-gb/articles/32242827773716-Information-about-Mounjaro)
- [Can I restart my susbcription at a higher dosage?](https://joinvoy.zendesk.com/hc/en-gb/articles/23616757771796-Can-I-restart-my-susbcription-at-a-higher-dosage)
- [Are there any medical conditions that might disqualify someone from participating?](https://joinvoy.zendesk.com/hc/en-gb/articles/20196076616852-Are-there-any-medical-conditions-that-might-disqualify-someone-from-participating)",N/A
https://joinvoy.zendesk.com/hc/en-gb/sections/20199554579732-Privacy-Security,Privacy & Security ‚Äì Voy,Privacy & Security ‚Äì Voy,"
- [Is the information I share with you private?](https://joinvoy.zendesk.com/hc/en-gb/articles/20199558930196-Is-the-information-I-share-with-you-private)",N/A
https://joinvoy.zendesk.com/hc/en-gb/articles/32242827773716-Information-about-Mounjaro,Information about Mounjaro ‚Äì Voy,Information about Mounjaro ‚Äì Voy,"
## What is Mounjaro

Mounjaro is a new medication that activates the receptors of two hormones found in the digestive tract known as GLP-1 and GIP which increase after we eat. They combine to provide a feeling of fullness for an extended period. By also targeting receptors in the brain it helps to lower the ‚Äòset point‚Äô which is the weight it ordinarily strives to maintain. Mounjaro gives you the opportunity and makes it easier to opt for healthier choices to reduce your calorie intake to optimise your weight loss.

If you would like to know even more about how Mounjaro works you can learn more from the following site: [Mounjaro.com.](https://www.mounjaro.com/)

## How does Mounjaro work?

In a nutshell:

1. Reduces appetite ‚Äì so you are less hungry
2. Reduces cravings ‚Äì so it‚Äôs easier to make healthy choices
3. Reduces your set point ‚Äì so you can lose more weight before reaching a plateau

## Mounjaro Titrations

Mounjaro comes in six different dose strengths: 2.5mg, 5mg, 7.5mg, 10mg, 12.5mg and 15mg. You‚Äôll start Mounjaro at a dose of 2.5mg once a week and increase the dose every 4 weeks, automatically, until you reach the full dose of 15mg by month 6.

The dose is gradually increased to allow your body to get used to the medication and minimise any side effects you might experience. Unless otherwise agreed with a clinician, it is essential that your starting dose is 2.5mg - if you have received any other strength, please get in touch with our customer support team before starting your treatment.

If you do not want to increase your dose every 4 weeks, please speak to our Medical Team or Customer Care Team, and we'll update your subscription.

## Why is there excess liquid after my fourth dose?

Every Mounjaro Kwikpen comes with four doses of medication and enough liquid to prime your pen before every dose.

This means that you will see an excess of liquid in your pen after you‚Äôve taken your four doses. This is to be expected and should not be something to worry about.

Please do not attempt to take more than 4 doses of your medication, attempting to use your pen more than four times will lock your pen and you‚Äôll no longer be able to access the liquid.

## Where can I find the expiry date for my Mounjaro pen?

You can find the expiry date of your medication on the side of your medication box. This will be shown as ‚ÄòEXP: DATE‚Äô. The expiry date refers to the end of the month that is noted.

## How do I take Mounjaro?

Mounjaro is injected once a week (on the same day each week), under the skin, in the subcutaneous fat. It should be injected in the abdomen, thigh or upper arm (it‚Äôs advisable to rotate to a slightly different part of your body each time you inject, this minimises potential discomfort/irritation).

Please note that the medication is contained within the clear chamber in the pen, not the individual needles ‚Äì these are used to deliver each dose.

Watch our step-by-step guide on how to take your Mounjaro before you start your treatment: [How to take Mounjaro](https://www.joinvoy.com/videos/how-to-take-mounjaro)

## How to store your Mounjaro

You should store Mounjaro in the refrigerator between 2¬∞C to 8¬∞C (36¬∞F to 46¬∞F). If needed, each pen can be stored at room temperature up to 30¬∞C ( 86¬∞F) for up to 30 days.

Once you've started the pen, it must be used within 30 days of the first dose.

These instructions are supplementary to the information provided in the patient information leaflet in your medication box provided with each order.

Do not use this medicine if the solution is not clear and colourless or almost colourless (slightly yellow).

Once you‚Äôve used your needles and finished your pen, you can dispose of it in the sharps bin provided. Do not throw away any medicines via wastewater or household waste. If you‚Äôre unable to use your sharps bin, ask your pharmacist how to throw away medicines you no longer use. These measures will help protect the environment.

",N/A
https://joinvoy.zendesk.com/hc/en-gb/articles/31871891934868-Which-forms-of-ID-does-Voy-accept,Which forms of ID does Voy accept? ‚Äì Voy,Which forms of ID does Voy accept? ‚Äì Voy,"
As part of your approval process, we'll ask you to upload a form of ID. Here's some guidance on the types of ID we accept.¬†**Accepted Forms of Photo ID**

To be accepted, your ID needs to show:

- **Full name**
- **Date of birth**
- **Photo**

You can still use an ID that‚Äôs out of date as long as it still looks like you, and your name and date of birth haven‚Äôt changed.

Here are some examples of IDs that may work if they meet the requirements above:

- Passport from the UK, Channel Islands, Isle of Man, British Overseas Territory, an EEA state, or Commonwealth country (including Irish Passport Cards)
- Driving licence from the UK, Channel Islands, Isle of Man, or an EEA state (including provisional licences)
- Blue Badge
- UK Government-funded Older Person‚Äôs Bus Pass or Disabled Person‚Äôs Bus Pass
- 60+ London Oyster Photocard (from Transport for London)
- Freedom Pass
- Scottish National Entitlement Card (for 60+, disabled, or under-22s)
- 60 and Over Welsh Concessionary Travel Card
- Disabled Person‚Äôs Welsh Concessionary Travel Card
- Northern Ireland Senior SmartPass, Registered Blind or Blind Person‚Äôs SmartPass, War Disablement SmartPass, 60+ SmartPass, or Half Fare SmartPass
- ID card with a Proof of Age Standards Scheme (PASS) hologram
- Biometric immigration document
- Ministry of Defence Form 90 (Defence Identity Card)
- National identity card from an EEA state
- Northern Ireland Electoral Identity Card
- Voter Authority Certificate
- Anonymous Elector's Document

",N/A
https://joinvoy.zendesk.com/hc/en-gb/sections/20198637602196-Refunds-Exchanges,Refunds & Exchanges ‚Äì Voy,Refunds & Exchanges ‚Äì Voy,"
- [My treatment arrived faulty or damaged](https://joinvoy.zendesk.com/hc/en-gb/articles/20199921645204-My-treatment-arrived-faulty-or-damaged)
- [What is your Returns policy?](https://joinvoy.zendesk.com/hc/en-gb/articles/20199844131348-What-is-your-Returns-policy)",N/A
https://joinvoy.zendesk.com/hc/en-gb/sections/20198170377876-Account-Management,Account Management ‚Äì Voy,Account Management ‚Äì Voy,"
- [Can I change my coach?](https://joinvoy.zendesk.com/hc/en-gb/articles/35735690703764-Can-I-change-my-coach)
- [How do I upload photos?](https://joinvoy.zendesk.com/hc/en-gb/articles/31894643942420-How-do-I-upload-photos)
- [Which forms of ID does Voy accept?](https://joinvoy.zendesk.com/hc/en-gb/articles/31871891934868-Which-forms-of-ID-does-Voy-accept)
- [How do I unsubscribe from marketing communications?](https://joinvoy.zendesk.com/hc/en-gb/articles/20198976737428-How-do-I-unsubscribe-from-marketing-communications)
- [How do I sign up to Voy?](https://joinvoy.zendesk.com/hc/en-gb/articles/20198861856916-How-do-I-sign-up-to-Voy)
- [How do I update my account or subscription?](https://joinvoy.zendesk.com/hc/en-gb/articles/20198884011412-How-do-I-update-my-account-or-subscription)
- [How do I log into my account?](https://joinvoy.zendesk.com/hc/en-gb/articles/20169957333268-How-do-I-log-into-my-account)",N/A
https://joinvoy.zendesk.com/hc/en-gb/articles/20198861856916-How-do-I-sign-up-to-Voy,How do I sign up to Voy? ‚Äì Voy,How do I sign up to Voy? ‚Äì Voy,"
Welcome to Voy! We're here to support you on your weight loss journey to feeling a happier and healthier you. Here's a step-by-step guide on how to begin your journey

## Step 1: Eligibility Check

1. Visit our homepage at¬†[www.joinvoy.com](https://www.joinvoy.com/ ""https://www.joinvoy.com"")
2. Click on¬†[""Am I Eligible?""](https://www.joinvoy.com/n/weight-loss/quiz/1 ""https://www.joinvoy.com/n/weight-loss/quiz/1"")
3. Complete our eligibility questionnaire about your medical history and weight loss experience

## Step 2: Personalised Plan

If you're eligible we'll present your personalised weight loss plan and the treatment options available to you

## Step 3: Choose Your Plan

Once you've reviewed the treatment plans presented, select the one that you feel is right for you.

Each plan is set up as a subscription that will automatically renews in line with your treatment plan. This is typically every 28 or 42 days.

You can cancel your subscription anytime from your¬†[Account](https://www.joinvoy.com/account ""https://www.joinvoy.com/account"") under 'Manage Plans'.

## Step 4: Checkout

If you're happy with the plan, click 'checkout' at the bottom of the page and complete your payment details.

## Step 5: Complete Your Tasks

After placing your order you'll be taken to your [home](https://www.joinvoy.com/account/home ""https://www.joinvoy.com/account/home"") page. Here you'll see two tasks to complete:

1. Upload a full-length photo of yourself (taken that day for the purpose of your consultation)
2. Upload a photo of your ID

Our Clinical Team will review your photos within 1 business day. If they have any questions or require new photos they'll send you a message to the [messages](https://www.joinvoy.com/support) section on your account.

If you need to provide more information:

1. Respond to the medical team using the text box provided in your messages.
2. If you need to share more photos, they'll create new tasks to complete or you can use the paper clip icon in your messages to upload additional photos if required

## What if I'm not eligible?

If we're unable to help:

- This is to ensure we maintain high standards of safeguarding and healthcare compliance
- Contact our Customer Care Team for more information about your specific circumstances

## Need More Help?

- Watch our instructional video for a visual guide
- Contact our Customer Care Team at the contact details provided below

We're here to support you every step of the way on your weight loss journey with Voy.

Weight Loss Journey Support

![](https://cdn.loom.com/avatars/27691127_fe354bb7cb6e40d9a29e01752c7efd0e_192.jpg)

[Weight Loss Journey Support](https://www.loom.com/share/53a33e6c4d274acb8e88d957e6a6d334?source=embed_watch_on_loom_cta&t=0 ""Weight Loss Journey Support"")

2 min

36 views

0

[Open video in Loom](https://www.loom.com/share/53a33e6c4d274acb8e88d957e6a6d334?source=embed_watch_on_loom_cta&t=0 ""Open video in Loom"")

1.2√ó

1 min 48 sec‚ö°Ô∏è2 min 16 sec1 min 48 sec1 min 30 sec1 min 12 sec1 min 4 sec54 sec43 sec

Powered by

Your user agent does not support the HTML5 Video element.

![](https://cdn.loom.com/avatars/27691127_fe354bb7cb6e40d9a29e01752c7efd0e_192.jpg)

[Weight Loss Journey Support](https://www.loom.com/share/53a33e6c4d274acb8e88d957e6a6d334?source=embed_watch_on_loom_cta&t=0 ""Weight Loss Journey Support"")

2 min

36 views

0

[Open video in Loom](https://www.loom.com/share/53a33e6c4d274acb8e88d957e6a6d334?source=embed_watch_on_loom_cta&t=0 ""Open video in Loom"")

1.2√ó

1 min 48 sec‚ö°Ô∏è2 min 16 sec1 min 48 sec1 min 30 sec1 min 12 sec1 min 4 sec54 sec43 sec

Powered by

",N/A
https://joinvoy.zendesk.com/hc/en-gb/articles/20065316311188-How-does-the-Voy-weight-loss-programme-work,How does the Voy weight loss programme work? ‚Äì Voy,How does the Voy weight loss programme work? ‚Äì Voy,"
Voy is the last weight loss programme you'll ever need.

We offer a wide range of treatments, so once you get to our page, have a browse and see what works for you! If you are unsure, you can even try filling in our questionnaire to see what our clinicians recommend.

After placing an order, our clinical team will check and either approve or reject it depending on your medical questionnaire answers. Once it has been approved, we will get this processed and dispatched depending on the items you have ordered.

All our treatments also include coaching from our team of expert nutritionists and dieticians who will be there to assist you every step of the way!

If you have questions and want to speak to us, you can contact our clinical or customer service teams via email on help@joinvoy.com or give us a ring on¬† 020 3912 9885 (Mon-Fri 9-17:00).

You might also find the following articles helpful:

[How does my subscription work?](https://joinvoy.zendesk.com/hc/en-gb/articles/24090327063060-How-does-my-subscription-work)

[Is this a safe and effective way to loose weight](https://joinvoy.zendesk.com/hc/en-gb/articles/20167996852628-Is-this-a-safe-and-effective-way-to-manage-weight-loss)

We‚Äôre here for you whenever you need us.

Related to

- [General Query](https://joinvoy.zendesk.com/hc/en-gb/search?content_tags=01GVFXVMYVQJHA7JPF273TBAFJ&utf8=%E2%9C%93 ""Search results"")
- [How does it work](https://joinvoy.zendesk.com/hc/en-gb/search?content_tags=01HD46AZJ0J2W11G1QAYBTMT30&utf8=%E2%9C%93 ""Search results"")

",N/A
https://joinvoy.zendesk.com/hc/en-gb/articles/35168676837780-General-Guidance-for-Missing-Doses,General Guidance for Missing Doses ‚Äì Voy,General Guidance for Missing Doses ‚Äì Voy,"
If you‚Äôve missed a dose of your Mounjaro or Wegovy treatment, don‚Äôt worry. We've put together this helpful guide to help you understand what to do next. Following these steps ensures that you stay on track with your treatment and can resume as safely and effectively as possible.

- **Missed 1 Dose**:
  - You can take it **as soon as you remember** and continue your injections on this day moving forward. Alternatively, you can wait until your next scheduled dose and administer it then.
- **Missed More Than 2 Doses**:
  - Please contact our clinical team, as a **dose adjustment to a lower stength** may be needed to ensure your safety.

- **Want to Change Your Injection Day?**
  - Make sure at least 4 days have passed since your last injection before giving the next dose. This might mean extending the gap between doses longer than the usual 7 days to shift your schedule.

* * *

For personalized guidance or if you have any concerns, you can contact our clinical team directly through your account or book a call with them here: [Book a Call with Clinicians](https://www.joinvoy.com/book).

",N/A
https://joinvoy.zendesk.com/hc/en-gb/sections/20198633318804-Payments,Payments ‚Äì Voy,Payments ‚Äì Voy,"
- [How do payments work?](https://joinvoy.zendesk.com/hc/en-gb/articles/31256352027156-How-do-payments-work)",N/A
https://joinvoy.zendesk.com/hc/en-gb/articles/20198976737428-How-do-I-unsubscribe-from-marketing-communications,How do I unsubscribe from marketing communications? ‚Äì Voy,How do I unsubscribe from marketing communications? ‚Äì Voy,"
We value your privacy and understand that you may want to adjust the communications you receive from us. Here's how you can unsubscribe from our marketing communications:

## How to unsubscribe to marketing communications

1. **Via Email**:
   - Look for the ""unsubscribe"" link at the bottom of any marketing email you've received from us.
   - Click on this link to be removed from our marketing mailing list.
2. **Contact Us Directly**:
   - If you prefer, you can email us at¬†[help@joinvoy.com](mailto:help@joinvoy.com ""mailto:help@joinvoy.com"").
   - Our team will assist you in unsubscribing from marketing communications.

## What Happens When You Unsubscribe

- You'll be removed from our marketing mailing list.
- You'll no longer receive promotional emails or offers from us.

## Important Note

Unsubscribing from marketing communications does not affect:

- Transactional emails related to your orders
- Important updates about your account or treatment

Remember, even if you unsubscribe from marketing communications, we're always here to support your weight loss journey. You can reach out to us anytime for assistance with your treatment or account.

",N/A
https://joinvoy.zendesk.com/hc/en-gb/articles/20198884011412-How-do-I-update-my-account-or-subscription,How do I update my account or subscription? ‚Äì Voy,How do I update my account or subscription? ‚Äì Voy,"
We're working hard to make it as easy as possible for you to manage your subscription. However, given the time-sensitive nature of your administering cycle, there are some limitations. Here's how you can manage various aspects of your account and subscription:

## How do I update my account details?

We aim to make it as easy as possible for you to keep your account up to date.

You can edit certain details, such as billing method, delivery address and general account preferences by:

1. Logging into your account
2. Clicking [Account](https://www.joinvoy.com/account) in the left-hand menu
3. Selecting [Account Details](https://www.joinvoy.com/account/details)

Here, you can change your:

- Personal Info (email, name, phone number)
- Shipping Address
- Billing Address

If you're changing your shipping address, please make sure to do this before your next order is placed.

## How can I amend my next order date?

If you're overstocked or going on a trip and need your delivery early, we've got you covered!

To amend your next order date:

1. [Log into your online account](http://joinvoy.com/login)
2. Click on [Account](https://www.joinvoy.com/account) in the left-hand menu settings
3. Select ' [Manage Plans](https://www.joinvoy.com/account/myplans)'
4. Choose a date that works for you

Your payment and order will then process on the new date you've selected. Please note that due to the time-sensitive administration of our prescription medications, there is a limit of 18 days to how far an order can be pushed back.

If you can't see this option on your account, you can contact our Customer Care Team. They will be able to adjust your next order date for you.

In your email, please include:

- The reason why you'd like to change your next order date
- The date that you'd like your next order to be placed

## How can I change my treatment or dose?

If you wish to change your treatment or dose, this can be discussed with a member of our medical team. To speak with our medical team you can either:

- [Book a consultation](https://calendly.com/d/4rh-sjv-6cg)
- Message our Clinical Team on your account by clicking on [Support](https://www.joinvoy.com/account/support) and then ['Messages'](https://www.joinvoy.com/account/messages)

",N/A
https://joinvoy.zendesk.com/hc/en-gb/articles/20199306207124-How-can-I-amend-my-next-order-date,How can I amend my next order date? ‚Äì Voy,How can I amend my next order date? ‚Äì Voy,"
We understand that life doesn't always stick to a schedule, and sometimes you might need to adjust your treatment delivery. Whether you are overstocked or planning a trip, we're here to help you manage your next order date.

## Changing Your Order Date

1. Log into Your Account: Visit [joinvoy.com/login](http://www.joinvoy.com/login)
2. Navigate to Manage Plans and orders:   - Click on [Account](https://www.joinvoy.com/account) in the left-hand menu
   - Then select "" [Manage Plans and orders](https://www.joinvoy.com/account/myplans)""
3. Select your treatment
4. On this page you'll be able to see your last order, as 'current' order and your next order.
5. Scroll down to 'Manage Next Order' - you'll be able to see the date of the order you're moving
6. Click ‚ÄòManage‚Äô
7. Select a New Date: Choose an order date that works best for you

Note: Due to the time-sensitive nature of our prescription medications, you can only push your order date back by 21 days or move it forward by up to 7 days.

Your order and payment will now be processed on the selected date and should arrive 1-3 days after this date.

If your order has already been processed or is due to be processed that day, you'll be unable to amend the next order date of this order.

## What if I can‚Äôt select the date I need?

If you need to move your order date back by more than 18 days, speak to our Customer Care Team either via livechat from your account or by emailing [help@joinvoy.com](mailto:help@joinvoy.com) and they‚Äôll be happy to help. Just so you‚Äôre aware, moving your order date back by more than 21 days could mean that we need to reduce your dose to ensure your treatment is still safe to take. In your message, please include:

- The reason for changing your next order date
- The date you'd like your next order to be placed
- The date your last dose will be

## We're Here to Help

If you have any questions about adjusting your order date or need further assistance, our Customer Care Team is ready to support you and find the best solution for your needs

Remember, we're committed to ensuring your weight loss journey with Voy is as smooth and tailored to your lifestyle as possible.

",N/A
https://joinvoy.zendesk.com/hc/en-gb/categories/20198003106068-Orders-Delivery,Orders & Delivery ‚Äì Voy,Orders & Delivery ‚Äì Voy,"
## [Orders & Delivery](https://joinvoy.zendesk.com/hc/en-gb/sections/20198500756244-Orders-Delivery)

- [Will my Weight Loss order be affected by the Bank Holiday?](https://joinvoy.zendesk.com/hc/en-gb/articles/36307449988884-Will-my-Weight-Loss-order-be-affected-by-the-Bank-Holiday)
- [How does my subscription work?](https://joinvoy.zendesk.com/hc/en-gb/articles/24090327063060-How-does-my-subscription-work)
- [Do you ship abroad?](https://joinvoy.zendesk.com/hc/en-gb/articles/20199454690068-Do-you-ship-abroad)
- [Where is my order?](https://joinvoy.zendesk.com/hc/en-gb/articles/20199416561172-Where-is-my-order)
- [How can I amend my next order date?](https://joinvoy.zendesk.com/hc/en-gb/articles/20199306207124-How-can-I-amend-my-next-order-date)",N/A
https://joinvoy.zendesk.com/hc/en-gb/articles/20199454690068-Do-you-ship-abroad,Do you ship abroad? ‚Äì Voy,Do you ship abroad? ‚Äì Voy,"
Due to prescribing regulations, we're currently only licensed to prescribe and deliver to addresses within the UK.

## Reasons for UK-Only Service

1. **Prescribing Regulations**: Current prescribing regulations restrict us from providing our services internationally.

2. **Legal Compliance**: To ensure we're operating within the bounds of the law and providing the safest possible service, we must limit our operations to the UK.


Travelling Abroad?

If you're currently signed up to Voy and you will be travelling outside of the UK for your next delivery, we can amend your next order date so that your treatment arrives before or after your trip.

Reach out to our Customer Care Team by emailing [help@joinvoy.com](mailto:help@joinvoy.com) or using the livechat feature on your online account with the dates of your travel and your preferred order date and we'll update this for you.

You might also find this FAQ helpful: [How can I amend my next order date?](https://joinvoy.zendesk.com/hc/en-gb/articles/20199306207124--How-can-I-amend-my-next-order-date)

We're constantly evaluating opportunities to expand our services. While we can't make any promises, we're always looking for ways to help more people on their weight loss journeys.

",N/A
https://joinvoy.zendesk.com/hc/en-gb/sections/20198140442388-General-Queries,General Queries ‚Äì Voy,General Queries ‚Äì Voy,"
- [Can I use a prescription from my own GP on your website?](https://joinvoy.zendesk.com/hc/en-gb/articles/20170440761748-Can-I-use-a-prescription-from-my-own-GP-on-your-website)
- [Why doesn‚Äôt VOY mention prescription medications by name?](https://joinvoy.zendesk.com/hc/en-gb/articles/20168038957844-Why-doesn-t-VOY-mention-prescription-medications-by-name)
- [Is this a safe and effective way to manage weight loss?](https://joinvoy.zendesk.com/hc/en-gb/articles/20167996852628-Is-this-a-safe-and-effective-way-to-manage-weight-loss)
- [How does the Voy weight loss programme work?](https://joinvoy.zendesk.com/hc/en-gb/articles/20065316311188-How-does-the-Voy-weight-loss-programme-work)",N/A
https://joinvoy.zendesk.com/hc/en-gb/articles/31894643942420-How-do-I-upload-photos,How do I upload photos? ‚Äì Voy,How do I upload photos? ‚Äì Voy,"
During your weight loss journey, you'll be asked to upload photos. This is so we can monitor your progress and safely prescribe your medication. Here's how to upload photos at each stage:

## During Sign up & Safety Checks

Once you've signed up to Voy, you'll be asked to complete two tasks:

1) upload a full-length photo of yourself taken that day

2) upload a photo of your ID

You can upload your photos to the tasks located on the [Home](https://www.joinvoy.com/account/home) page of your online account. If you have tasks to complete you'll find them here.

If you've been asked to complete a task but can't see any tasks on your account. You can upload photos to your [Messages](https://www.joinvoy.com/account/messages) with our Clinical Team on your [Support](https://www.joinvoy.com/account/support) page by clicking the paper clip icon in the text box.

If you're still unable to upload your photos, please speak to our Customer Care Team who will be happy to help you upload your photos to your tasks.

You might also find this FAQ helpful: [How does the approval process work?](https://joinvoy.zendesk.com/hc/en-gb/articles/24609569961876-How-does-the-approval-process-work)

## Why do we ask for photos?

Throughout your weight loss journey, we might ask you to upload new photos to help us monitor and review your progress towards your goal weight. This is to make sure we're safely prescribing medication at every step of your journey.

Your photos are only viewed by our Clinical Team for the purpose of reviewing your eligibility.

## How can I track my progress?

You can also track your own progress within the Voy app by either submitting your weight or a photo of yourself.

Open the Voy app and click on 'Progress' from the menu at the bottom of the screen. Here you can add photos and track your progress.

If you decide you'd no longer like to see your photos you can enable 'privacy mode' by clicking on Timeline and then the 'eye' icon in the left-hand corner.

You can download the Voy app on both the [Apple App Store](https://apps.apple.com/gb/app/voy-weight-loss-programme/id6471655955) and [Google Play Store](https://play.google.com/store/apps/details?id=co.manual.voy).

",N/A
https://joinvoy.zendesk.com/hc/en-gb/articles/20199558930196-Is-the-information-I-share-with-you-private,Is the information I share with you private? ‚Äì Voy,Is the information I share with you private? ‚Äì Voy,"
Yes, we take your privacy and security information very seriously. We have designed the platform to comply with all the relevant privacy laws and have implemented security protocols to protect your personal information.

Please read our¬†Privacy Policy¬†for more information.

",N/A
https://joinvoy.zendesk.com/hc/en-gb/articles/20199844131348-What-is-your-Returns-policy,What is your Returns policy? ‚Äì Voy,What is your Returns policy? ‚Äì Voy,"
At Voy, we're committed to providing you with the best possible service and support for your weight loss journey. Our returns policy is designed to ensure your safety while adhering to legal requirements for prescription medications.

## Prescription Medications

- **Cancellation Window**: You can only cancel an order up until the point at which the prescription is approved by our medical team.
- **After Approval**: Once a prescription-only medication has been approved, we cannot cancel the order or accept a return of the items.

This policy is in line with the Consumer Protection (Distance Selling) Regulations 2000, which exempts prescription medications from standard return rights.

## Legal Basis

The regulations state that consumers don't have the right to cancel a contract for:

_""...the supply of goods made to the consumer's specifications or clearly personalised or which by reason of their nature cannot be returned or are liable to deteriorate or expire rapidly.""_

## Non-Prescription Items

For non-prescription items, we accept returns up to 14 days after purchase. Please contact our Customer Care Team at¬†[help@joinvoy.com](mailto:help@joinvoy.com ""mailto:help@joinvoy.com"")¬†for a returns label.

## Our Commitment

While we can't accept returns on prescription items, we're here to support you throughout your treatment. If you have any concerns or questions about your medication, please don't hesitate to reach out to our Clinical Team.

Your health and satisfaction are our top priorities, and we're committed to ensuring you have the best possible experience with Voy.

",N/A
https://joinvoy.zendesk.com/hc/en-gb/articles/24090327063060-How-does-my-subscription-work,How does my subscription work? ‚Äì Voy,How does my subscription work? ‚Äì Voy,"
You can find all the information about your subscription on your online account and your treatment plan. Here's what you need to know:

## How regularly will I receive my medication?

Depending on your treatment, your subscription will automatically renew every 28 or 42 days.

To find your renewal frequency, you can:

1. Check your treatment plan from your Support page under [Messages](https://www.joinvoy.com/account/messages)
2. View your plan under [Account](https://www.joinvoy.com/account) and then [Manage Plans](https://www.joinvoy.com/account/myplans)

As we're a subscription-based service, your next pen will automatically be sent to you in line with your treatment plan. So, there's no need to place another order.

For Mounjaro, your dose will automatically increase every month up to 10mg, and for Wegovy, your dose will automatically increase up to 1mg. However, please know that each order is subject to clinical approval.

Our system will automatically take your payment using the [billing method](https://www.joinvoy.com/account/details) you added to your online account.

To check when your last order took place, visit [Order History](https://www.joinvoy.com/account/order-history) from your [Account](https://www.joinvoy.com/account) page.

## What if my subscription says expired?

Don't worry if you see this! For safeguarding reasons, our Clinician Team needs to approve your medication before it's sent.

- Your plan will show as expired on a monthly basis
- Your subscription will still be active and renewed unless cancelled

## What if I reach my goal weight?

Congratulations! We're always really happy to see people feeling happier and healthier.

If you've reached your goal weight, speak to our Medical Team about the best next steps for you.

## Additional Information

- For more details about our programme read of our FAQ: [How does the Voy programme work](https://joinvoy.zendesk.com/hc/en-gb/articles/20065316311188-How-does-the-remote-weight-loss-programme-work)
- If you need to make any updates to your subscription read of our FAQ [How do I update my account or subscription](https://joinvoy.zendesk.com/hc/en-gb/articles/20198884011412-How-do-I-update-my-account-or-subscription)

We're here to support you throughout your weight loss journey. If you have any questions about your subscription, don't hesitate to reach out to our Customer Care Team.

",N/A
https://joinvoy.zendesk.com/hc/en-gb/articles/36307449988884-Will-my-Weight-Loss-order-be-affected-by-the-Bank-Holiday,Will my Weight Loss order be affected by the Bank Holiday? ‚Äì Voy,Will my Weight Loss order be affected by the Bank Holiday? ‚Äì Voy,"
Yes, due to the Easter Bank Holiday weekend, **Royal Mail will not be collecting orders on Good Friday (18/04) or Easter Sunday (20/04)**. Additionally, our **pharmacy team will be closed on Friday 18/04 and Saturday 19/04**.

To ensure timely delivery, we may **process and ship your order a few days earlier than usual**. To avoid any delays over the holiday weekend, you **may receive your medication up to 5 days before your usual renewal date**. If this happens, you‚Äôll receive an **email notification in advance** so you have time to reach out if the timing doesn‚Äôt work for you.

### How are dispatch dates changing?

| üìÖ **Date** | üöö **Weight Loss Orders** |
| --- | --- |
| **Tue 15/04** | Ship orders due 17/04 |
| **Wed 16/04** | Ship orders due 18/04 ‚Äì 20/04 |
| **Thu 17/04** | ‚ùå No orders dispatched |
| **Fri 18/04** | ‚ùå Pharmacy closed |
| **Sat 19/04** | ‚ùå Pharmacy closed |
| **Sun 20/04** | ‚ùå No orders dispatched |
| **Mon 21/04** | Ship new orders from 17/04 |
| **Tue 22/04** | Ship new orders from 18/04 ‚Äì 20/04 |

",N/A
https://joinvoy.zendesk.com/hc/en-gb/articles/20198390141844-How-do-I-contact-Voy,How do I contact Voy? ‚Äì Voy,How do I contact Voy? ‚Äì Voy,"
We're here to support you at every step of your weight loss journey! At Voy, we have three dedicated teams to assist you: our Clinical Team, Coaches, and Customer Support Team. Here's how to reach the right team for your needs:

## Contact Customer Support

For general enquiries, order issues, or account help:

- **Live Chat**: Available on the Support Page (Monday to Friday 09.00-17:00)
- **Email**:¬†[help@joinvoy.com](mailto:help@joinvoy.com ""mailto:help@joinvoy.com"")
- **Twitter/X**: [@joinvoy](https://x.com/joinvoy)
- **Instagram**: [@joinvoy](https://www.instagram.com/joinvoy)
- **Phone**: 020 3912 9885 (Monday to Friday 09.00-17:00)

## Contact the Medical Team

For medical questions or advice about your medication, you can:

**Log into your account**: Go to¬†[www.joinvoy.com](https://www.joinvoy.com/ ""https://www.joinvoy.com"")¬†and sign in

Click on¬†['Support'](https://www.joinvoy.com/account/support ""https://www.joinvoy.com/account/support"")¬†on the left-hand side of your account

Select 'Speak to a Medical Expert'

**Call 020 3912 9885 and press Option 2 to speak with a clinician about side effects or Option 3 if you have a medical question for our Clinical Team**

Available Monday to Friday

Hours: 09:00 - 17:00

Our Clinical Team also runs regular webinars to introduce customers to Mounjaro, Wegovy and Saxenda with information on what to expect first weeks, how to use the treatment and how to manage side effects. [Book Here](https://calendly.com/voy-clinicians/voy-medication-introduction?month=2024-08)

## Contact Your Coach

For motivation, support, and guidance on your weight loss journey:

- Use the¬†[messages](https://www.joinvoy.com/account/messages ""https://www.joinvoy.com/account/messages"")¬†feature on your support page
- Communicate via WhatsApp (your coach will initiate this)
- Book a face-to-face appointment through the [Support](https://www.joinvoy.com/account/support) page

If you don't have a coach yet, select 'Choose a coach' on the Support page of your account.

## Not Sure Who to Contact?

If you're unsure which team to reach out to, start with our Customer Support Team. They'll ensure you're connected with the right person to address your needs.

Remember, we're committed to supporting you throughout your weight loss journey. Don't hesitate to reach out ‚Äì we're here to help!

",N/A
https://joinvoy.zendesk.com/hc/en-gb/sections/20198488248468-Have-a-question,Have a question?  ‚Äì Voy,Have a question?  ‚Äì Voy,"
- [How do I contact Voy?](https://joinvoy.zendesk.com/hc/en-gb/articles/20198390141844-How-do-I-contact-Voy)",N/A
https://joinvoy.zendesk.com/hc/en-gb/articles/24609569961876-How-does-the-approval-process-work,How does the approval process work? ‚Äì Voy,How does the approval process work? ‚Äì Voy,"
At Voy, we're committed to providing safe and effective weight loss solutions. Our approval process ensures that we're prescribing the right treatment for you. Here's how it works:

## 1\. Complete Two Tasks

After placing your order, you'll need to:

1. Upload a full-length photo of yourself (taken on the day for the consultation)
2. Upload a photo of your ID

These photos help us verify your identity and BMI, which is crucial for online prescriptions and maintaining high standards of care.

## 2\. Clinical Review

Our Clinical Team will review your photos and medical history. If approved, your medication will be dispatched within 1-3 working days.

## 3\. Follow-Up (if needed)

If we need more information, our Clinical Team will message you through your account's¬†[messages](https://www.joinvoy.com/account/messages ""https://www.joinvoy.com/account/messages"")¬†feature.

## What if my tasks are not approved?

- If your photo isn't approved, you'll see a new task on your home page to submit a new one.
- You can also upload photos directly in your¬†[messages](https://www.joinvoy.com/account/messages ""https://www.joinvoy.com/account/messages"")¬†to the Clinical Team.

## What if my order is not approved?

If we can't approve your treatment, we'll explain why and cancel your order. Any pending payments will be released within 5 working days.

Remember, you can always check your¬†[messages](https://www.joinvoy.com/account/support ""https://www.joinvoy.com/account/support"")¬†for updates from our Clinical Team.

We're here to guide you through every step of your weight loss journey, ensuring you receive the most appropriate and effective treatment.

",N/A
https://joinvoy.zendesk.com/hc/en-gb/articles/20169957333268-How-do-I-log-into-my-account,How do I log into my account? ‚Äì Voy,How do I log into my account? ‚Äì Voy,"
We understand that login issues can be frustrating. Don't worry ‚Äì we're here to help you get back into your account. If you're having trouble logging in, please try the following steps:

## Troubleshooting Steps

**1\. Verify Your Credentials**

Double-check that you're using the correct email address and password. Remember, passwords are case-sensitive

**2\. Check for Typos**

1. Ensure there are no typos in your email address
2. Even a small error can prevent successful login

**3\. Clear Browser Data**

Clear your browser's cookies and cache, this can resolve many common login issues

**4\. Try a Different Device or Browser**

Sometimes, device-specific issues can affect login, try logging in from a different device or browser

**5\. Reset Your Password**

If you're still unable to log in, try resetting your password using the following link: [Reset Password](https://www.joinvoy.com/forgot-password ""https://www.joinvoy.com/forgot-password"")

If you've not receievd your reset password email, check your spam folder, sometimes it can find itself in this folder.

## Still Having Trouble?

If you've tried these steps and are still unable to log in, we're here to help:

- **Email**: Contact us at¬†[help@joinvoy.com](mailto:help@joinvoy.com ""mailto:help@joinvoy.com"")
- **Phone**: Call us at 020 3912 9885 (Monday to Friday, 9:00 AM - 5:00 PM)

Our Customer Care team will be happy to assist you!

## Preventive Measures

To avoid future login issues:

- Consider using a password manager to securely store your login information
- Make sure your email address associated with your account

We're committed to ensuring you have smooth access to your Voy account so you can focus on your weight loss journey. Don't hesitate to reach out if you need any further assistance!

Related to

- [Account](https://joinvoy.zendesk.com/hc/en-gb/search?content_tags=01GVG165HJ0QYW6PC3FE54YM2X&utf8=%E2%9C%93 ""Search results"")
- [Login](https://joinvoy.zendesk.com/hc/en-gb/search?content_tags=01HD4BFP8AAZ6CBM6J5Q13Y9HR&utf8=%E2%9C%93 ""Search results"")

",N/A
https://joinvoy.zendesk.com/hc/en-gb/articles/23616757771796-Can-I-restart-my-susbcription-at-a-higher-dosage,Can I  restart my susbcription at a higher dosage? ‚Äì Voy,Can I  restart my susbcription at a higher dosage? ‚Äì Voy,"
Yes, for Wegovy and Mounjaro, you can start on a higher dosage if you've already begun your treatment with another provider. Here's what you need to know:

## Starting at a Higher Dose

1. During our¬†[eligibility questions](https://www.joinvoy.com/n/weight-loss/quiz/1 ""https://www.joinvoy.com/n/weight-loss/quiz/1""), we'll ask if you are currently taking any GLP-1 medication
2. Select 'Yes' and confirm the type of medication you're taking
3. Confirm the last dose you injected and when you last took your medication
4. Continue through the eligibility questions until you reach the checkout
5. Select the dose you'd like to order and checkout - this will start your subscription

## Providing Evidence of Your Current Prescription

After placing your order, you'll be asked to complete 3 tasks on your online account

1. ID
2. A full-length photo of yourself for the purpose of this subscription
3. evidence of your current medication

If you're unable to complete one of the tasks, you can message our Clinical Team on the [Support](https://www.joinvoy.com/account/support) page under 'Speak to Medical Team' for guidance. You can also upload a photo to your [messages](https://www.joinvoy.com/account/messages) by clicking on the paperclip icon within the messaging space.

## The evidence should include

- Your legal name
- Name of the medication
- The dosage
- The date the prescription was approved

Acceptable forms of evidence include:

- Screenshot of your NHS record
- Consultant letter
- Photo of the prescription label on your medication box
- Prescription confirmation email from an online provider

We're here to ensure you receive the most appropriate treatment for your needs. If you have any questions about starting on a higher dosage, please don't hesitate to reach out to our Medical Team through your account messages.

",N/A
https://joinvoy.zendesk.com/hc/en-gb/articles/26154029658388-How-does-refer-a-friend-work,How does refer-a-friend work? ‚Äì Voy,How does refer-a-friend work? ‚Äì Voy,"
We're delighted that you're considering sharing Voy with the people you know! Our refer-a-friend programme is our way of saying thank you for spreading the word about your weight loss journey and our service. Here's how it works:

### For your friend

They'll receive a 25% discount on their first order.

### For you

You'll earn a discount on your next order based on how many friends you refer:

- One or two friends: 30% off your next order
- Three or more friends: 60% off your next order

## How to refer a friend

1. Log into your Voy account
2. Go to your¬†[Refer a Friend](https://www.joinvoy.com/account/refer ""https://www.joinvoy.com/account/refer"")¬†page (top right corner of your account)
3. Click the orange 'copy' button next to your referral link
4. Share this link with your friend (paste it in a message)

Your friend needs to use this link when placing their order for the discount to apply.

## Tracking your discounts

Check your¬†[Refer a Friend page](https://www.joinvoy.com/account/refer ""https://www.joinvoy.com/account/refer"")¬†to see the discount for your next order. Remember, this resets after each order is processed.

We're excited to have you share the Voy experience with your friends. Together, we can create a community of support on your weight loss journey!

\*You will receive the discount on your next order once the person you referred **has placed an order and it has been approved**. If they only sign up without placing an order, you will not receive the discount.

## Other Discounts

We do not currently offer any other discounts such as NHS discounts, Key Worker discounts or Student discounts.

Related to

- [Subscription](https://joinvoy.zendesk.com/hc/en-gb/search?content_tags=01GVFX2B4X32J69W7K9KP7SWK4&utf8=%E2%9C%93 ""Search results"")
- [Order & Delivery](https://joinvoy.zendesk.com/hc/en-gb/search?content_tags=01GVFX39DCQSXWQ3Z6HKMHAK16&utf8=%E2%9C%93 ""Search results"")
- [How does it work](https://joinvoy.zendesk.com/hc/en-gb/search?content_tags=01HD46AZJ0J2W11G1QAYBTMT30&utf8=%E2%9C%93 ""Search results"")

",N/A
https://joinvoy.zendesk.com/hc/en-gb/articles/35735690703764-Can-I-change-my-coach,Can I change my coach? ‚Äì Voy,Can I change my coach? ‚Äì Voy,"
We completely understand that finding the right coach is important for your journey. While you‚Äôre not able to make this change on your own, our friendly Support Team is here to help!

Simply send us an email or start a chat in the App, and we‚Äôll take care of the switch for you as soon as possible.

If there‚Äôs anything else we can do to support you, just let us know‚Äîwe‚Äôre always happy to help!

",N/A
https://joinvoy.zendesk.com/hc/en-gb/articles/20170440761748-Can-I-use-a-prescription-from-my-own-GP-on-your-website,Can I use a prescription from my own GP on your website? ‚Äì Voy,Can I use a prescription from my own GP on your website? ‚Äì Voy,"
We appreciate your trust in our services and understand that you might have a prescription from your own GP. Here's our policy on using external prescriptions:

## Our Prescription Policy

We only dispense medication based on prescriptions generated and authorised by our own prescribers.

While we value the expertise of other healthcare providers, we cannot accept external prescriptions.

## Why We Have This Policy

1. **Consistency**: This ensures consistency in our treatment approach.
2. **Safety**: It allows us to maintain our high safety standards.
3. **Regulatory Compliance**: This policy helps us adhere to online pharmacy regulations.
4. **Comprehensive Care**: It enables us to provide a complete care package, including follow-ups and adjustments.

## Next steps

If you're interested in joining Voy, you can check if you are eligible by completing our medical questionnaire. Our medical team will then assess whether Voy is right for you.

If you have a prescription from your GP:

- You may want to discuss our services with them.
- They might be able to provide insights into whether our treatments could be suitable for you.

If you're already taking GLP-1 medication, you might be able to continue on the dose you're currently on with Voy. Here's an FAQ you might find helpful: [Can I start at a higher dose](https://joinvoy.zendesk.com/hc/en-gb/articles/23616757771796-Can-I-start-at-a-higher-dosage)

",N/A
https://joinvoy.zendesk.com/hc/en-gb/articles/20168823234452-How-do-I-cancel-my-subscription,How do I cancel my subscription? ‚Äì Voy,How do I cancel my subscription? ‚Äì Voy,"
We understand that circumstances can change, and you may need to adjust or cancel your subscription. At Voy, we've made this process as straightforward as possible. Here's how you can manage your subscription

1. **Log into Your Account**
   - Visit¬†[www.joinvoy.com/login](http://www.joinvoy.com/login ""http://www.joinvoy.com/login"")
   - Enter your login credentials
2. **Navigate to Manage Plans**
   - Once logged in, click on ""Accounts"" in the left-hand menu
   - Select¬†[""Manage Plans""](https://www.joinvoy.com/account/myplans ""https://www.joinvoy.com/account/myplans"")
3. **View Your Subscriptions**
   - Here you'll see a list of all your existing subscriptions
4. **Cancel Your Subscription**
   - Select the subscription you wish to cancel
   - Follow the prompts to complete the cancellation process
   - Once you've completed the cancellation flow you'll receive an email to confirm your subscription has been cancelled.

To avoid unwanted charges or deliveries, remember to cancel your subscription before your next order is processed.

## Cancelling a Pending Subscription

If you want to cancel your first order before it's approved:

1. Go to¬†[Account](https://www.joinvoy.com/account ""https://www.joinvoy.com/account"")¬†and then¬†['Manage Plans'](https://www.joinvoy.com/account/myplans ""https://www.joinvoy.com/account/myplans"")
2. Click on the medication you've ordered
3. Look for the cancellation option at the bottom of the page
4. Follow the cancellation steps

If you cancel before approval, the pending payment reserved for your treatment will revert to your account and you'll no longer be able to see this payment in your bank statement.

We value your journey with Voy and are here to support you, whether you're continuing with us or need to pause your treatment. Your health and satisfaction are our top priorities. Our team is ready to assist you with any questions or concerns about cancelling your subscription.

Related to

- [Subscription](https://joinvoy.zendesk.com/hc/en-gb/search?content_tags=01GVFX2B4X32J69W7K9KP7SWK4&utf8=%E2%9C%93 ""Search results"")
- [Cancellation](https://joinvoy.zendesk.com/hc/en-gb/search?content_tags=01GVFX2YHA6FYNNVXA65MNTY34&utf8=%E2%9C%93 ""Search results"")

",N/A
https://joinvoy.zendesk.com/hc/en-gb/articles/20199921645204-My-treatment-arrived-faulty-or-damaged,My treatment arrived faulty or damaged ‚Äì Voy,My treatment arrived faulty or damaged ‚Äì Voy,"
We strive to ensure that all our products reach you in perfect condition. However, if you receive a faulty or damaged item, we're here to help. Please follow these steps:

## 1\. Contact Us Promptly

- **Time Frame**: Contact us within 10 days of receiving your order.
- **Method**: Email our Customer Care Team at [help@joinvoy.com](mailto:help@joinvoy.com).
- **Include**: A clear photo of the damaged or faulty item.

## 2\. Provide Details

In your email, please include:

- Your order number
- A description of the issue
- The date you received the order

## 3\. Keep the Item

- Do not dispose of the faulty or damaged product.
- We'll need it for our investigation and potential return.

## 4\. Our Response

- We'll review your case and respond promptly.
- If necessary, we'll provide a free returns label for you to send the item back.

## 5\. Resolution

Based on our investigation, we'll offer an appropriate solution, which may include:

- Replacement of the item
- Refund
- Other compensation as applicable

We apologize for any inconvenience and appreciate your patience as we work to resolve the issue.

For any other questions or concerns, please don't hesitate to reach out to our Customer Care Team.

",N/A
https://joinvoy.zendesk.com/hc/en-gb/articles/20196076616852-Are-there-any-medical-conditions-that-might-disqualify-someone-from-participating,Are there any medical conditions that might disqualify someone from participating? ‚Äì Voy,Are there any medical conditions that might disqualify someone from participating? ‚Äì Voy,"
At Voy, we prioritise your safety and well-being. While we aim to help as many people as possible on their weight loss journey, certain medical conditions may disqualify individuals from our treatments. Here's what you need to know:

## Our Eligibility Process

Once you've signed up for Voy, our Clinical Team will review your medical questionnaire. This ensures that our treatments are safe for your for you.

## Medical Conditions That May Disqualify Participation

Our treatments are not suitable for people with:

01. Liver, kidney, or heart failure
02. Pancreatitis
03. Multiple endocrine neoplasia type 2
04. Cancer
05. Type 1 diabetes or diabetic retinopathy
06. Personal or family history of medullary thyroid cancer
07. History of eating disorders (e.g., anorexia, bulimia)
08. History of gallbladder problems
09. History of Inflammatory bowel disease or gastroparesis
10. Allergy or hypersensitivity to the active ingredient or any excipients in our medications

## Check Your Eligibility

To find out if you're eligible for our treatments:

1. Visit¬†[www.joinvoy.com](http://www.joinvoy.com/ ""http://www.joinvoy.com"")
2. Complete our online [eligibility questions](https://www.joinvoy.com/n/weight-loss/quiz)

## Why We Have These Restrictions

These guidelines ensure the safety and effectiveness of our treatments. They help us maintain high standards of care and comply with medical regulations.

## What If I'm Not Eligible?

If you're not eligible for our treatments you may have other suitable weight loss options that are more appropriate for you. Speak with your GP or a healthcare professional for personalised advice.

## Questions or Concerns?

If you have any questions about eligibility or your specific medical situation contact our Medical Team through your Voy account un Support. They can provide more detailed information based on your personal circumstances.

Remember, your health and safety are our top priorities. We're here to guide you towards the most appropriate and effective weight loss solution for you.

Related to

- [General Query](https://joinvoy.zendesk.com/hc/en-gb/search?content_tags=01GVFXVMYVQJHA7JPF273TBAFJ&utf8=%E2%9C%93 ""Search results"")

",N/A
https://joinvoy.zendesk.com/hc/en-gb/categories/20198442555284-Contact-Us,Contact Us ‚Äì Voy,Contact Us ‚Äì Voy,"
## [Have a question?](https://joinvoy.zendesk.com/hc/en-gb/sections/20198488248468-Have-a-question)

- [How do I contact Voy?](https://joinvoy.zendesk.com/hc/en-gb/articles/20198390141844-How-do-I-contact-Voy)",N/A
https://joinvoy.zendesk.com/hc/en-gb/articles/31256352027156-How-do-payments-work,How do payments work? ‚Äì Voy,How do payments work? ‚Äì Voy,"
At Voy, we aim to make your weight loss journey as smooth as possible, including the payment process. Here's everything you need to know about payments, billing, and security.

## How does billing work?

As a subscription-based service, your payments will automatically process in line with your treatment plan. This will be every 28 or 42 days, depending on your plan.

To check the frequency of your payments, please review your subscription details on your account under [Manage Plans and Orders](https://www.joinvoy.com/account/myplans).

## What payment methods do you accept?

We offer a variety of payment options to suit your needs:

- Major debit cards
- Credit cards (including American Express)
- PayPal (only available during checkout)

## Are my purchases secure?

Absolutely. We prioritise the security of your financial information.

- All payments are processed through a secure payment system
- We do not have access to your full card details
- You can update your billing method at any time on your Account under [Account Details](https://www.joinvoy.com/account/details)

Once your payment has been successfully processed you'll be able to see the payment in your bank statement under Menwell LTD or MANUAL. MANUAL is our sister company.

## How much is my next order?

To find the price of your next order:

1. Log into your account
2. Go to [Account](https://www.joinvoy.com/account)
3. Then click on [Manage Plans and Orders](https://www.joinvoy.com/account/myplans)

Here you'll see the cost of your next payment, including any discounts and the treatment you are on.

## What if my payment fails?

If your payment is unsuccessful:

1. If your payment doesn‚Äôt go through, we‚Äôll **automatically** retry the payment over the next 28 days at 10 PM on the following days:

Day 0 (first attempt), then Days: 1, 2, 3, 5, 10, 15, 20, 25, 28

2. If the payment is still unsuccessful after 28 days, we'll cancel your subscription

If you need to update your payment details, please follow the following steps:

1. Go to your Account, then [Account Details](https://www.joinvoy.com/account/details)
2. Click 'change' next to your current details
3. Add new or update your card information

## Can I get a company invoice or VAT receipt?

At present, we do not provide company invoices.

We're here to ensure your Voy experience is as seamless as possible, from treatment to billing. Your journey to better health is our priority, and we're committed to supporting you every step of the way.

",N/A
https://joinvoy.zendesk.com/hc/en-gb/articles/20199416561172-Where-is-my-order,Where is my order? ‚Äì Voy,Where is my order? ‚Äì Voy,"
We understand you're excited to receive your treatment and begin your weight loss journey with Voy.

If you're ever unsure when your order will arrive, here's how to track your order:

## Tracking Your Order

You can track your order from your account or by using the tracking links sent to the email address on your account.

**1\. From your account**

- **Manage plans and order:** Here you can see whether your subscription is active, pending or cancelled. If your subscription is active, click on your treatment. On the next page you'll be able to see your 'Current order', click 'Track' to see the details of your delivery.
- **Order History:** Here you'll be able to see the statuses of each order and track your previous orders using the 'track delivery' button.

**2\. From the 'your order has been dispatched' email**

- **Tracking Email**: You'll receive an email from Voy and our delivery partner with a tracking link. This email typically arrives in the evening, so don't worry if you haven't received it before 5 pm.
- **Direct Tracking**: You can also track your order directly on the¬†[Royal Mail tracking page](https://www.royalmail.com/track-your-item#/ ""https://www.royalmail.com/track-your-item#/""). Use the 'Track your order' button in your email.

**3\. From the App**

- Open the **Voy App** and click on the ""Plan"" Tab
- Find your most recent order and click on "" **Track Order**"", here you will be able to see the tracking status of the order and track where the order is.

## For First-Time Orders

If you've not received your first order, the thing to do is check your order has been approved.You can check if your order has been approved from the Medical Team [messages](https://www.joinvoy.com/account/messages) on your account from the Support Page. If your order has been approved you'll see a message from our Clinical Team confirming your approval. You will have also received an email from us, letting you know that your order has been approved.

If you've not been approved yet, you might also see a message from the Clinical Team with follow-up questions as part of your eligibility check. Please use the text box provided to reply to the Clinical Team.

You can also check the status of your order under [Manage Plans and orders](https://www.joinvoy.com/account/myplans) from your Account page or [Order History](https://www.joinvoy.com/account/order-history).

## If You Haven't Received Tracking Information

If it's been more than two days since your order was approved:

- Check your spam/junk mail folder for the tracking details.
- Check the status of your order from your account
- Contact customer support via livechat on your account or help@joinvoy.com

## What does each status mean?

- **Pending:** Before your order is approved by a clinician, your order will be pending
- **Approval**: Our Clinicians review and approve your treatment.
- **Processing order**: Our Pharmacy Team prepares and packs your order - these orders can no longer be amended
- **With courier:** Your order has been collected by our delivery partner and is on it's way to you, or has been delivered

Remember, we're committed to getting your treatment to you as quickly and efficiently as possible. Your journey to better health is important to us, and we're here to support you throughout the process.

",N/A
https://joinvoy.zendesk.com/hc/en-gb/articles/20167996852628-Is-this-a-safe-and-effective-way-to-manage-weight-loss,Is this a safe and effective way to manage weight loss? ‚Äì Voy,Is this a safe and effective way to manage weight loss? ‚Äì Voy,"
Absolutely! GLP-1 medications, when used alongside our expert coaching, have consistently demonstrated impressive results in helping individuals reach their goals. Within the initial six months of treatment, people have achieved weight loss of up to 10%.

Moreover, you can rest assured that your journey towards better health is not just effective but also safe. These medications, when prescribed and monitored by our medical experts, are generally well-tolerated.

Our medical team is committed to guiding and overseeing your treatment to ensure your safety and success. So, you're not alone on this path to achieving your goals.

",N/A
